<application>
  <component name="AdvancedSettings">
    <option name="settings">
      <map>
        <entry key="bigger.font.in.project.view" value="true" />
        <entry key="documentation.components.enable.highlighting.of.links" value="true" />
        <entry key="documentation.components.enable.inline.code.highlighting" value="true" />
        <entry key="searcheverywhere.ml.sort.files" value="true" />
        <entry key="vcs.annotations.preload" value="true" />
        <entry key="vcs.non.modal.commit.toggle.ui" value="true" />
        <entry key="vcs.push.all.with.commits" value="true" />
      </map>
    </option>
  </component>
</application>