<keymap version="1" name="Default copy" parent="$default">
  <action id="Back">
    <mouse-shortcut keystroke="button4" />
    <keyboard-shortcut first-keystroke="alt left" />
  </action>
  <action id="FixDocComment">
    <keyboard-shortcut first-keystroke="shift alt k" />
  </action>
  <action id="Forward">
    <mouse-shortcut keystroke="button5" />
    <keyboard-shortcut first-keystroke="alt right" />
  </action>
  <action id="Maven_393008f7c3-gui2fcf930cpackage">
    <keyboard-shortcut first-keystroke="shift alt end" />
  </action>
  <action id="Maven_4cccceeeimc-jsp30b2b663org.apache.tomcat.maven:tomcat7-maven-plugin:2.2:run">
    <keyboard-shortcut first-keystroke="shift ctrl alt q" />
  </action>
  <action id="Maven_c034f679c3-gui15763a0epackage">
    <keyboard-shortcut first-keystroke="shift ctrl alt end" />
  </action>
  <action id="NextTab" />
  <action id="PreviousTab" />
  <action id="SwitchApply">
    <keyboard-shortcut first-keystroke="shift alt enter" />
  </action>
  <action id="SwitchDown">
    <keyboard-shortcut first-keystroke="shift alt down" />
  </action>
  <action id="SwitchLeft">
    <keyboard-shortcut first-keystroke="shift alt left" />
  </action>
  <action id="SwitchRight">
    <keyboard-shortcut first-keystroke="shift alt right" />
  </action>
  <action id="SwitchUp">
    <keyboard-shortcut first-keystroke="shift alt up" />
  </action>
  <action id="ToggleDistractionFreeMode">
    <keyboard-shortcut first-keystroke="shift ctrl alt back_slash" />
  </action>
  <action id="VimPluginToggle">
    <keyboard-shortcut first-keystroke="shift ctrl alt end" />
  </action>
</keymap>