<application>
  <component name="GeneralSettings">
    <option name="showTipsOnStartup" value="false" />
  </component>
  <component name="Registry">
    <entry key="ide.firstStartup" value="false" />
    <entry key="SBT.system.in.process" value="true" />
    <entry key="ide.tooltip.initialDelay" value="606" />
    <entry key="debugger.watches.in.variables" value="false" />
  </component>
  <component name="StatusBar">
    <option name="widgets">
      <map>
        <entry key="Memory" value="true" />
      </map>
    </option>
  </component>
</application>