<application>
  <component name="ProjectJdkTable">
    <jdk version="2">
      <name value="1.7" />
      <type value="JavaSDK" />
      <version value="java version &quot;1.7.0_80&quot;" />
      <homePath value="/usr/lib/jvm/java-7-oracle" />
      <roots>
        <classPath>
          <root type="composite">
            <root url="jar:///usr/lib/jvm/java-7-oracle/jre/lib/charsets.jar!/" type="simple" />
            <root url="jar:///usr/lib/jvm/java-7-oracle/jre/lib/deploy.jar!/" type="simple" />
            <root url="jar:///usr/lib/jvm/java-7-oracle/jre/lib/ext/dnsns.jar!/" type="simple" />
            <root url="jar:///usr/lib/jvm/java-7-oracle/jre/lib/ext/localedata.jar!/" type="simple" />
            <root url="jar:///usr/lib/jvm/java-7-oracle/jre/lib/ext/sunec.jar!/" type="simple" />
            <root url="jar:///usr/lib/jvm/java-7-oracle/jre/lib/ext/sunjce_provider.jar!/" type="simple" />
            <root url="jar:///usr/lib/jvm/java-7-oracle/jre/lib/ext/sunpkcs11.jar!/" type="simple" />
            <root url="jar:///usr/lib/jvm/java-7-oracle/jre/lib/ext/zipfs.jar!/" type="simple" />
            <root url="jar:///usr/lib/jvm/java-7-oracle/jre/lib/javaws.jar!/" type="simple" />
            <root url="jar:///usr/lib/jvm/java-7-oracle/jre/lib/jce.jar!/" type="simple" />
            <root url="jar:///usr/lib/jvm/java-7-oracle/jre/lib/jfr.jar!/" type="simple" />
            <root url="jar:///usr/lib/jvm/java-7-oracle/jre/lib/jfxrt.jar!/" type="simple" />
            <root url="jar:///usr/lib/jvm/java-7-oracle/jre/lib/jsse.jar!/" type="simple" />
            <root url="jar:///usr/lib/jvm/java-7-oracle/jre/lib/management-agent.jar!/" type="simple" />
            <root url="jar:///usr/lib/jvm/java-7-oracle/jre/lib/plugin.jar!/" type="simple" />
            <root url="jar:///usr/lib/jvm/java-7-oracle/jre/lib/resources.jar!/" type="simple" />
            <root url="jar:///usr/lib/jvm/java-7-oracle/jre/lib/rt.jar!/" type="simple" />
          </root>
        </classPath>
        <sourcePath>
          <root type="composite">
            <root url="jar:///usr/lib/jvm/java-7-oracle/src.zip!/" type="simple" />
          </root>
        </sourcePath>
      </roots>
      <additional />
    </jdk>
  </component>
</application>