<code_scheme name="Default" version="173">
  <Objective-C-extensions>
    <file />
  </Objective-C-extensions>
  <clangFormatSettings>
    <option name="ENABLED" value="true" />
  </clangFormatSettings>
  <codeStyleSettings language="ObjectiveC">
    <option name="ALIGN_MULTILINE_BINARY_OPERATION" value="false" />
    <option name="ALIGN_MULTILINE_ASSIGNMENT" value="false" />
    <option name="ALIGN_MULTILINE_TERNARY_OPERATION" value="false" />
    <option name="ALIGN_MULTILINE_ARRAY_INITIALIZER_EXPRESSION" value="false" />
    <option name="SPACE_AROUND_EQUALITY_OPERATORS" value="false" />
    <option name="SPACE_WITHIN_BRACES" value="false" />
    <option name="SPACE_BEFORE_COLON" value="false" />
    <option name="SPACE_AFTER_COLON" value="false" />
    <option name="BINARY_OPERATION_WRAP" value="0" />
    <option name="TERNARY_OPERATION_WRAP" value="0" />
    <option name="TERNARY_OPERATION_SIGNS_ON_NEXT_LINE" value="false" />
    <option name="KEEP_SIMPLE_BLOCKS_IN_ONE_LINE" value="false" />
    <option name="KEEP_SIMPLE_METHODS_IN_ONE_LINE" value="false" />
    <option name="ARRAY_INITIALIZER_WRAP" value="0" />
    <option name="ENUM_CONSTANTS_WRAP" value="0" />
    <indentOptions>
      <option name="INDENT_SIZE" value="2" />
      <option name="TAB_SIZE" value="2" />
    </indentOptions>
  </codeStyleSettings>
</code_scheme>